{"stats":{"minecraft:picked_up":{"minecraft:chicken":1,"minecraft:dirt":4},"minecraft:custom":{"minecraft:jump":108,"minecraft:time_since_rest":831,"minecraft:deaths":1,"minecraft:damage_dealt":40,"minecraft:leave_game":2,"minecraft:play_time":11278,"minecraft:sprint_one_cm":10637,"minecraft:damage_taken":220,"minecraft:time_since_death":0,"minecraft:walk_one_cm":5016,"minecraft:total_world_time":11278,"minecraft:mob_kills":1,"minecraft:fall_one_cm":3121,"minecraft:fly_one_cm":28783},"minecraft:mined":{"minecraft:grass":13,"minecraft:grass_block":1,"minecraft:dirt":3},"minecraft:killed":{"minecraft:chicken":1},"minecraft:killed_by":{"minecraft:spider":1},"minecraft:used":{"minecraft:dirt":4}},"DataVersion":3463}