{"stats":{"minecraft:custom":{"minecraft:jump":65,"minecraft:time_since_rest":5873,"minecraft:damage_dealt":40,"minecraft:sprint_one_cm":6609,"minecraft:play_time":5873,"minecraft:damage_taken":20,"minecraft:time_since_death":5873,"minecraft:walk_one_cm":3013,"minecraft:total_world_time":5873,"minecraft:mob_kills":1,"minecraft:fall_one_cm":1867,"minecraft:fly_one_cm":16202},"minecraft:picked_up":{"minecraft:chicken":1},"minecraft:mined":{"minecraft:grass":13},"minecraft:killed":{"minecraft:chicken":1}},"DataVersion":3463}