{"stats":{"minecraft:picked_up":{"minecraft:wheat_seeds":10,"minecraft:acacia_log":4,"minecraft:dandelion":2,"minecraft:mutton":4,"minecraft:white_wool":2,"minecraft:egg":2},"minecraft:custom":{"minecraft:time_since_rest":2097,"minecraft:crouch_one_cm":340,"minecraft:sprint_one_cm":32086,"minecraft:play_time":6093,"minecraft:deaths":2,"minecraft:damage_taken":489,"minecraft:walk_one_cm":19106,"minecraft:sneak_time":61,"minecraft:walk_under_water_one_cm":1575,"minecraft:mob_kills":2,"minecraft:jump":108,"minecraft:damage_dealt":525,"minecraft:leave_game":2,"minecraft:walk_on_water_one_cm":6772,"minecraft:time_since_death":2062,"minecraft:total_world_time":6093,"minecraft:swim_one_cm":41,"minecraft:fall_one_cm":1921,"minecraft:fly_one_cm":27859,"minecraft:player_kills":2},"minecraft:used":{"minecraft:egg":1},"minecraft:killed":{"minecraft:sheep":2},"minecraft:crafted":{"minecraft:acacia_planks":16},"minecraft:killed_by":{"minecraft:zombie":1,"minecraft:player":1},"minecraft:mined":{"minecraft:grass":80,"minecraft:acacia_log":3,"minecraft:acacia_leaves":1,"minecraft:tall_grass":18,"minecraft:dandelion":1}},"DataVersion":3463}