{"stats":{"minecraft:mined":{"minecraft:grass":34,"minecraft:acacia_log":1,"minecraft:tall_grass":1},"minecraft:used":{"minecraft:egg":2},"minecraft:picked_up":{"minecraft:wheat_seeds":7,"minecraft:dandelion":1,"minecraft:egg":2},"minecraft:killed_by":{"minecraft:player":2},"minecraft:killed":{"minecraft:zombie":1},"minecraft:custom":{"minecraft:time_since_rest":336,"minecraft:sprint_one_cm":20302,"minecraft:play_time":6012,"minecraft:deaths":2,"minecraft:damage_taken":470,"minecraft:walk_one_cm":10441,"minecraft:walk_under_water_one_cm":1809,"minecraft:mob_kills":1,"minecraft:jump":220,"minecraft:damage_dealt":424,"minecraft:leave_game":3,"minecraft:walk_on_water_one_cm":8802,"minecraft:time_since_death":104,"minecraft:total_world_time":6012,"minecraft:swim_one_cm":62,"minecraft:fall_one_cm":2665,"minecraft:fly_one_cm":38462,"minecraft:player_kills":1}},"DataVersion":3463}