{"stats":{"minecraft:mined":{"minecraft:grass":34,"minecraft:acacia_log":1,"minecraft:oak_log":2,"minecraft:tall_grass":1},"minecraft:used":{"minecraft:crafting_table":1,"minecraft:egg":2},"minecraft:picked_up":{"minecraft:wheat_seeds":7,"minecraft:dandelion":1,"minecraft:oak_log":2,"minecraft:egg":2},"minecraft:killed_by":{"minecraft:player":2},"minecraft:crafted":{"minecraft:oak_planks":8,"minecraft:crafting_table":1},"minecraft:killed":{"minecraft:zombie":1},"minecraft:custom":{"minecraft:time_since_rest":1102,"minecraft:sprint_one_cm":21577,"minecraft:play_time":6778,"minecraft:deaths":2,"minecraft:damage_taken":470,"minecraft:walk_one_cm":11334,"minecraft:walk_under_water_one_cm":1809,"minecraft:mob_kills":1,"minecraft:jump":226,"minecraft:damage_dealt":424,"minecraft:leave_game":4,"minecraft:walk_on_water_one_cm":8802,"minecraft:time_since_death":870,"minecraft:total_world_time":6778,"minecraft:swim_one_cm":62,"minecraft:interact_with_crafting_table":1,"minecraft:fall_one_cm":2665,"minecraft:fly_one_cm":39862,"minecraft:player_kills":1}},"DataVersion":3463}